{"cameraMode":{"drawMode":0,"name":"Shaded","section":"Shading Mode"},"sceneLighting":false,"audioPlay":false,"sceneViewState":{"m_AlwaysRefresh":false,"showFog":true,"showSkybox":false,"showFlares":true,"showImageEffects":true,"showParticleSystems":true,"showVisualEffectGraphs":true,"m_FxEnabled":true},"in2DMode":false,"pivot":{"x":-70.61829376220703,"y":26.568769454956056,"z":28.940887451171876},"rotation":{"x":-0.0008262154879048467,"y":0.9989397525787354,"z":0.041670531034469607,"w":0.019783494994044305},"size":3.075845241546631,"orthographic":false}